{
  "version": 2,
  "buildCommand": "npm run build",
  "outputDirectory": "dist/public",
  "framework": null,
  "functions": {
    "api/index.ts": {
      "memory": 1024,
      "maxDuration": 30
    }
  },
  "rewrites": [
    {
      "source": "/api/:path*",
      "destination": "/api/index"
    },
    {
      "source": "/sitemap.xml",
      "destination": "/api/index"
    },
    {
      "source": "/((?!api|_next|static|assets|favicon.png|manifest.json|robots.txt|sitemap.xml).*)",
      "destination": "/index.html"
    }
  ],
  "headers": [
    {
      "source": "/api/(.*)",
      "headers": [
        { "key": "Cache-Control", "value": "no-cache, no-store, must-revalidate" }
      ]
    },
    {
      "source": "/sitemap.xml",
      "headers": [
        { "key": "Content-Type", "value": "application/xml" },
        { "key": "Cache-Control", "value": "public, max-age=3600" }
      ]
    },
    {
      "source": "/(.*)",
      "headers": [
        { "key": "X-Content-Type-Options", "value": "nosniff" },
        { "key": "X-Frame-Options", "value": "DENY" },
        { "key": "X-XSS-Protection", "value": "1; mode=block" }
      ]
    }
  ]
}
